source_path	scope	warning_count_before	causes	planned_archive_path	snapshot_status	baseline_source	note
src/allcaps.rs	kernel	2	dead code=2	tools/warnings_last/src/allcaps.rs	pending	dcf16f69b46a176219c55649e405a452ed0a4bf0:src/allcaps.rs	snapshot baseline before first cleanup edit
src/aud/dmg.rs	kernel	13	dead code=13	tools/warnings_last/src/aud/dmg.rs	pending	dcf16f69b46a176219c55649e405a452ed0a4bf0:src/aud/dmg.rs	snapshot baseline before first cleanup edit
src/aud/m4a.rs	kernel	28	dead code=28	tools/warnings_last/src/aud/m4a.rs	pending	dcf16f69b46a176219c55649e405a452ed0a4bf0:src/aud/m4a.rs	snapshot baseline before first cleanup edit
src/aud/m4a_demux.rs	kernel	59	dead code=59	tools/warnings_last/src/aud/m4a_demux.rs	pending	dcf16f69b46a176219c55649e405a452ed0a4bf0:src/aud/m4a_demux.rs	snapshot baseline before first cleanup edit
src/aud/mod.rs	kernel	17	dead code=17	tools/warnings_last/src/aud/mod.rs	pending	dcf16f69b46a176219c55649e405a452ed0a4bf0:src/aud/mod.rs	snapshot baseline before first cleanup edit
src/aud/pattern.rs	kernel	4	dead code=4	tools/warnings_last/src/aud/pattern.rs	pending	dcf16f69b46a176219c55649e405a452ed0a4bf0:src/aud/pattern.rs	snapshot baseline before first cleanup edit
src/aud/pcm_convert.rs	kernel	5	dead code=5	tools/warnings_last/src/aud/pcm_convert.rs	pending	dcf16f69b46a176219c55649e405a452ed0a4bf0:src/aud/pcm_convert.rs	snapshot baseline before first cleanup edit
src/aud/player.rs	kernel	2	dead code=2	tools/warnings_last/src/aud/player.rs	pending	dcf16f69b46a176219c55649e405a452ed0a4bf0:src/aud/player.rs	snapshot baseline before first cleanup edit
src/aud/synth.rs	kernel	8	dead code=8	tools/warnings_last/src/aud/synth.rs	pending	dcf16f69b46a176219c55649e405a452ed0a4bf0:src/aud/synth.rs	snapshot baseline before first cleanup edit
src/aud/tables.rs	kernel	3	dead code=3	tools/warnings_last/src/aud/tables.rs	pending	dcf16f69b46a176219c55649e405a452ed0a4bf0:src/aud/tables.rs	snapshot baseline before first cleanup edit
src/cpu.rs	kernel	2	dead code=2	tools/warnings_last/src/cpu.rs	pending	dcf16f69b46a176219c55649e405a452ed0a4bf0:src/cpu.rs	snapshot baseline before first cleanup edit
src/disc/block.rs	kernel	4	dead code=4	tools/warnings_last/src/disc/block.rs	pending	dcf16f69b46a176219c55649e405a452ed0a4bf0:src/disc/block.rs	snapshot baseline before first cleanup edit
src/gpu/physical.rs	kernel	2	dead code=2	tools/warnings_last/src/gpu/physical.rs	pending	dcf16f69b46a176219c55649e405a452ed0a4bf0:src/gpu/physical.rs	snapshot baseline before first cleanup edit
src/gpu/vgpu.rs	kernel	8	dead code=8	tools/warnings_last/src/gpu/vgpu.rs	pending	dcf16f69b46a176219c55649e405a452ed0a4bf0:src/gpu/vgpu.rs	snapshot baseline before first cleanup edit
src/gpu/vram.rs	kernel	4	dead code=4	tools/warnings_last/src/gpu/vram.rs	pending	dcf16f69b46a176219c55649e405a452ed0a4bf0:src/gpu/vram.rs	snapshot baseline before first cleanup edit
src/hv/blueprint/blueprint.rs	kernel	2	dead code=2	tools/warnings_last/src/hv/blueprint/blueprint.rs	pending	dcf16f69b46a176219c55649e405a452ed0a4bf0:src/hv/blueprint/blueprint.rs	snapshot baseline before first cleanup edit
src/hv/guest_work.rs	kernel	8	dead code=8	tools/warnings_last/src/hv/guest_work.rs	pending	dcf16f69b46a176219c55649e405a452ed0a4bf0:src/hv/guest_work.rs	snapshot baseline before first cleanup edit
src/hv/lane.rs	kernel	3	dead code=3	tools/warnings_last/src/hv/lane.rs	pending	dcf16f69b46a176219c55649e405a452ed0a4bf0:src/hv/lane.rs	snapshot baseline before first cleanup edit
src/hv/memory.rs	kernel	9	dead code=9	tools/warnings_last/src/hv/memory.rs	pending	dcf16f69b46a176219c55649e405a452ed0a4bf0:src/hv/memory.rs	snapshot baseline before first cleanup edit
src/hv/mod.rs	kernel	8	dead code=8	tools/warnings_last/src/hv/mod.rs	pending	dcf16f69b46a176219c55649e405a452ed0a4bf0:src/hv/mod.rs	snapshot baseline before first cleanup edit
src/hv/security.rs	kernel	5	dead code=5	tools/warnings_last/src/hv/security.rs	pending	dcf16f69b46a176219c55649e405a452ed0a4bf0:src/hv/security.rs	snapshot baseline before first cleanup edit
src/hv/snapshot.rs	kernel	3	dead code=3	tools/warnings_last/src/hv/snapshot.rs	pending	dcf16f69b46a176219c55649e405a452ed0a4bf0:src/hv/snapshot.rs	snapshot baseline before first cleanup edit
src/hv/store.rs	kernel	3	dead code=3	tools/warnings_last/src/hv/store.rs	pending	dcf16f69b46a176219c55649e405a452ed0a4bf0:src/hv/store.rs	snapshot baseline before first cleanup edit
src/hv/vmcall.rs	kernel	3	dead code=3	tools/warnings_last/src/hv/vmcall.rs	pending	dcf16f69b46a176219c55649e405a452ed0a4bf0:src/hv/vmcall.rs	snapshot baseline before first cleanup edit
src/hv/vmx.rs	kernel	2	dead code=2	tools/warnings_last/src/hv/vmx.rs	pending	dcf16f69b46a176219c55649e405a452ed0a4bf0:src/hv/vmx.rs	snapshot baseline before first cleanup edit
src/intel/copy/blt.rs	kernel	22	dead code=22	tools/warnings_last/src/intel/copy/blt.rs	pending	dcf16f69b46a176219c55649e405a452ed0a4bf0:src/intel/copy/blt.rs	snapshot baseline before first cleanup edit
src/intel/display.rs	kernel	72	dead code=70; unused imports=1; unused variables=1	tools/warnings_last/src/intel/display.rs	pending	dcf16f69b46a176219c55649e405a452ed0a4bf0:src/intel/display.rs	snapshot baseline before first cleanup edit
src/intel/display/display_probes.rs	kernel	69	dead code=69	tools/warnings_last/src/intel/display/display_probes.rs	pending	dcf16f69b46a176219c55649e405a452ed0a4bf0:src/intel/display/display_probes.rs	snapshot baseline before first cleanup edit
src/intel/display/regs.rs	kernel	28	dead code=28	tools/warnings_last/src/intel/display/regs.rs	pending	dcf16f69b46a176219c55649e405a452ed0a4bf0:src/intel/display/regs.rs	snapshot baseline before first cleanup edit
src/intel/format.rs	kernel	6	dead code=6	tools/warnings_last/src/intel/format.rs	pending	dcf16f69b46a176219c55649e405a452ed0a4bf0:src/intel/format.rs	snapshot baseline before first cleanup edit
src/intel/gpgpu/artifacts/contract.rs	kernel	3	dead code=3	tools/warnings_last/src/intel/gpgpu/artifacts/contract.rs	pending	dcf16f69b46a176219c55649e405a452ed0a4bf0:src/intel/gpgpu/artifacts/contract.rs	snapshot baseline before first cleanup edit
src/intel/gpgpu/artifacts/uploads.rs	kernel	8	dead code=8	tools/warnings_last/src/intel/gpgpu/artifacts/uploads.rs	pending	dcf16f69b46a176219c55649e405a452ed0a4bf0:src/intel/gpgpu/artifacts/uploads.rs	snapshot baseline before first cleanup edit
src/intel/gpgpu/kernel_catalog.rs	kernel	16	dead code=16	tools/warnings_last/src/intel/gpgpu/kernel_catalog.rs	pending	dcf16f69b46a176219c55649e405a452ed0a4bf0:src/intel/gpgpu/kernel_catalog.rs	snapshot baseline before first cleanup edit
src/intel/gpgpu/operations/fill_rect_worklist.rs	kernel	4	dead code=4	tools/warnings_last/src/intel/gpgpu/operations/fill_rect_worklist.rs	pending	dcf16f69b46a176219c55649e405a452ed0a4bf0:src/intel/gpgpu/operations/fill_rect_worklist.rs	snapshot baseline before first cleanup edit
src/intel/gpgpu/operations/helio_retained_transform.rs	kernel	1	dead code=1	tools/warnings_last/src/intel/gpgpu/operations/helio_retained_transform.rs	pending	dcf16f69b46a176219c55649e405a452ed0a4bf0:src/intel/gpgpu/operations/helio_retained_transform.rs	snapshot baseline before first cleanup edit
src/intel/gpgpu/operations/kokoro_conv1d.rs	kernel	16	dead code=16	tools/warnings_last/src/intel/gpgpu/operations/kokoro_conv1d.rs	pending	dcf16f69b46a176219c55649e405a452ed0a4bf0:src/intel/gpgpu/operations/kokoro_conv1d.rs	snapshot baseline before first cleanup edit
src/intel/gpgpu/operations/kokoro_qgemm.rs	kernel	16	dead code=16	tools/warnings_last/src/intel/gpgpu/operations/kokoro_qgemm.rs	pending	dcf16f69b46a176219c55649e405a452ed0a4bf0:src/intel/gpgpu/operations/kokoro_qgemm.rs	snapshot baseline before first cleanup edit
src/intel/gpgpu/operations/lab256.rs	kernel	6	dead code=6	tools/warnings_last/src/intel/gpgpu/operations/lab256.rs	pending	dcf16f69b46a176219c55649e405a452ed0a4bf0:src/intel/gpgpu/operations/lab256.rs	snapshot baseline before first cleanup edit
src/intel/gpgpu/operations/lfm25_q8.rs	kernel	13	dead code=13	tools/warnings_last/src/intel/gpgpu/operations/lfm25_q8.rs	pending	dcf16f69b46a176219c55649e405a452ed0a4bf0:src/intel/gpgpu/operations/lfm25_q8.rs	snapshot baseline before first cleanup edit
src/intel/gpgpu/operations/particle_craft.rs	kernel	1	dead code=1	tools/warnings_last/src/intel/gpgpu/operations/particle_craft.rs	pending	dcf16f69b46a176219c55649e405a452ed0a4bf0:src/intel/gpgpu/operations/particle_craft.rs	snapshot baseline before first cleanup edit
src/intel/gpgpu/operations/primitives.rs	kernel	5	dead code=5	tools/warnings_last/src/intel/gpgpu/operations/primitives.rs	pending	dcf16f69b46a176219c55649e405a452ed0a4bf0:src/intel/gpgpu/operations/primitives.rs	snapshot baseline before first cleanup edit
src/intel/gpgpu/operations/probes.rs	kernel	14	dead code=14	tools/warnings_last/src/intel/gpgpu/operations/probes.rs	pending	dcf16f69b46a176219c55649e405a452ed0a4bf0:src/intel/gpgpu/operations/probes.rs	snapshot baseline before first cleanup edit
src/intel/gpgpu/operations/spirit_vfx.rs	kernel	1	dead code=1	tools/warnings_last/src/intel/gpgpu/operations/spirit_vfx.rs	pending	dcf16f69b46a176219c55649e405a452ed0a4bf0:src/intel/gpgpu/operations/spirit_vfx.rs	snapshot baseline before first cleanup edit
src/intel/gpgpu/operations/submission_2d.rs	kernel	1	dead code=1	tools/warnings_last/src/intel/gpgpu/operations/submission_2d.rs	pending	dcf16f69b46a176219c55649e405a452ed0a4bf0:src/intel/gpgpu/operations/submission_2d.rs	snapshot baseline before first cleanup edit
src/intel/gpgpu/operations/surfaces.rs	kernel	1	dead code=1	tools/warnings_last/src/intel/gpgpu/operations/surfaces.rs	pending	dcf16f69b46a176219c55649e405a452ed0a4bf0:src/intel/gpgpu/operations/surfaces.rs	snapshot baseline before first cleanup edit
src/intel/gpgpu/rcs/commands.rs	kernel	2	dead code=2	tools/warnings_last/src/intel/gpgpu/rcs/commands.rs	pending	dcf16f69b46a176219c55649e405a452ed0a4bf0:src/intel/gpgpu/rcs/commands.rs	snapshot baseline before first cleanup edit
src/intel/gpgpu/rcs/constants.rs	kernel	28	dead code=28	tools/warnings_last/src/intel/gpgpu/rcs/constants.rs	pending	dcf16f69b46a176219c55649e405a452ed0a4bf0:src/intel/gpgpu/rcs/constants.rs	snapshot baseline before first cleanup edit
src/intel/gpgpu/rcs/context.rs	kernel	2	dead code=2	tools/warnings_last/src/intel/gpgpu/rcs/context.rs	pending	dcf16f69b46a176219c55649e405a452ed0a4bf0:src/intel/gpgpu/rcs/context.rs	snapshot baseline before first cleanup edit
src/intel/gpgpu/rcs/descriptors.rs	kernel	1	dead code=1	tools/warnings_last/src/intel/gpgpu/rcs/descriptors.rs	pending	dcf16f69b46a176219c55649e405a452ed0a4bf0:src/intel/gpgpu/rcs/descriptors.rs	snapshot baseline before first cleanup edit
src/intel/gpgpu/rcs/kokoro_conv1d.rs	kernel	4	dead code=4	tools/warnings_last/src/intel/gpgpu/rcs/kokoro_conv1d.rs	pending	dcf16f69b46a176219c55649e405a452ed0a4bf0:src/intel/gpgpu/rcs/kokoro_conv1d.rs	snapshot baseline before first cleanup edit
src/intel/gpgpu/rcs/kokoro_qgemm.rs	kernel	4	dead code=4	tools/warnings_last/src/intel/gpgpu/rcs/kokoro_qgemm.rs	pending	dcf16f69b46a176219c55649e405a452ed0a4bf0:src/intel/gpgpu/rcs/kokoro_qgemm.rs	snapshot baseline before first cleanup edit
src/intel/gpgpu/rcs/two_d.rs	kernel	2	dead code=2	tools/warnings_last/src/intel/gpgpu/rcs/two_d.rs	pending	dcf16f69b46a176219c55649e405a452ed0a4bf0:src/intel/gpgpu/rcs/two_d.rs	snapshot baseline before first cleanup edit
src/intel/gpgpu/types/kernel.rs	kernel	1	dead code=1	tools/warnings_last/src/intel/gpgpu/types/kernel.rs	pending	dcf16f69b46a176219c55649e405a452ed0a4bf0:src/intel/gpgpu/types/kernel.rs	snapshot baseline before first cleanup edit
src/intel/gpgpu/types/surfaces.rs	kernel	12	dead code=12	tools/warnings_last/src/intel/gpgpu/types/surfaces.rs	pending	dcf16f69b46a176219c55649e405a452ed0a4bf0:src/intel/gpgpu/types/surfaces.rs	snapshot baseline before first cleanup edit
src/intel/gpu_font.rs	kernel	115	dead code=115	tools/warnings_last/src/intel/gpu_font.rs	pending	dcf16f69b46a176219c55649e405a452ed0a4bf0:src/intel/gpu_font.rs	snapshot baseline before first cleanup edit
src/intel/gt_state.rs	kernel	3	dead code=3	tools/warnings_last/src/intel/gt_state.rs	pending	dcf16f69b46a176219c55649e405a452ed0a4bf0:src/intel/gt_state.rs	snapshot baseline before first cleanup edit
src/intel/guc.rs	kernel	1	dead code=1	tools/warnings_last/src/intel/guc.rs	pending	dcf16f69b46a176219c55649e405a452ed0a4bf0:src/intel/guc.rs	snapshot baseline before first cleanup edit
src/intel/guc_ctb.rs	kernel	3	dead code=3	tools/warnings_last/src/intel/guc_ctb.rs	pending	dcf16f69b46a176219c55649e405a452ed0a4bf0:src/intel/guc_ctb.rs	snapshot baseline before first cleanup edit
src/intel/guc_submission.rs	kernel	1	dead code=1	tools/warnings_last/src/intel/guc_submission.rs	pending	dcf16f69b46a176219c55649e405a452ed0a4bf0:src/intel/guc_submission.rs	snapshot baseline before first cleanup edit
src/intel/media/avc_encode_probe.rs	kernel	5	dead code=5	tools/warnings_last/src/intel/media/avc_encode_probe.rs	pending	dcf16f69b46a176219c55649e405a452ed0a4bf0:src/intel/media/avc_encode_probe.rs	snapshot baseline before first cleanup edit
src/intel/media/engine.rs	kernel	15	dead code=15	tools/warnings_last/src/intel/media/engine.rs	pending	dcf16f69b46a176219c55649e405a452ed0a4bf0:src/intel/media/engine.rs	snapshot baseline before first cleanup edit
src/intel/media/h264_cmd.rs	kernel	23	dead code=23	tools/warnings_last/src/intel/media/h264_cmd.rs	pending	dcf16f69b46a176219c55649e405a452ed0a4bf0:src/intel/media/h264_cmd.rs	snapshot baseline before first cleanup edit
src/intel/media/hw_pic.rs	kernel	3	dead code=3	tools/warnings_last/src/intel/media/hw_pic.rs	pending	dcf16f69b46a176219c55649e405a452ed0a4bf0:src/intel/media/hw_pic.rs	snapshot baseline before first cleanup edit
src/intel/mod.rs	kernel	16	dead code=16	tools/warnings_last/src/intel/mod.rs	pending	dcf16f69b46a176219c55649e405a452ed0a4bf0:src/intel/mod.rs	snapshot baseline before first cleanup edit
src/intel/opencl/api.rs	kernel	13	dead code=13	tools/warnings_last/src/intel/opencl/api.rs	pending	dcf16f69b46a176219c55649e405a452ed0a4bf0:src/intel/opencl/api.rs	snapshot baseline before first cleanup edit
src/intel/opencl/artifact.rs	kernel	26	dead code=26	tools/warnings_last/src/intel/opencl/artifact.rs	pending	dcf16f69b46a176219c55649e405a452ed0a4bf0:src/intel/opencl/artifact.rs	snapshot baseline before first cleanup edit
src/intel/opencl/backend.rs	kernel	10	dead code=10	tools/warnings_last/src/intel/opencl/backend.rs	pending	dcf16f69b46a176219c55649e405a452ed0a4bf0:src/intel/opencl/backend.rs	snapshot baseline before first cleanup edit
src/intel/opencl/example.rs	kernel	3	dead code=3	tools/warnings_last/src/intel/opencl/example.rs	pending	dcf16f69b46a176219c55649e405a452ed0a4bf0:src/intel/opencl/example.rs	snapshot baseline before first cleanup edit
src/intel/opencl/memory.rs	kernel	4	dead code=4	tools/warnings_last/src/intel/opencl/memory.rs	pending	dcf16f69b46a176219c55649e405a452ed0a4bf0:src/intel/opencl/memory.rs	snapshot baseline before first cleanup edit
src/intel/opencl/mod.rs	kernel	3	dead code=3	tools/warnings_last/src/intel/opencl/mod.rs	pending	dcf16f69b46a176219c55649e405a452ed0a4bf0:src/intel/opencl/mod.rs	snapshot baseline before first cleanup edit
src/intel/opencl/queue.rs	kernel	7	dead code=7	tools/warnings_last/src/intel/opencl/queue.rs	pending	dcf16f69b46a176219c55649e405a452ed0a4bf0:src/intel/opencl/queue.rs	snapshot baseline before first cleanup edit
src/intel/opencl/registry.rs	kernel	6	dead code=6	tools/warnings_last/src/intel/opencl/registry.rs	pending	dcf16f69b46a176219c55649e405a452ed0a4bf0:src/intel/opencl/registry.rs	snapshot baseline before first cleanup edit
src/intel/opencl/types.rs	kernel	34	dead code=34	tools/warnings_last/src/intel/opencl/types.rs	pending	dcf16f69b46a176219c55649e405a452ed0a4bf0:src/intel/opencl/types.rs	snapshot baseline before first cleanup edit
src/intel/opencl/validation.rs	kernel	6	dead code=6	tools/warnings_last/src/intel/opencl/validation.rs	pending	dcf16f69b46a176219c55649e405a452ed0a4bf0:src/intel/opencl/validation.rs	snapshot baseline before first cleanup edit
src/intel/opencl/value.rs	kernel	1	dead code=1	tools/warnings_last/src/intel/opencl/value.rs	pending	dcf16f69b46a176219c55649e405a452ed0a4bf0:src/intel/opencl/value.rs	snapshot baseline before first cleanup edit
src/intel/ppgtt.rs	kernel	2	dead code=2	tools/warnings_last/src/intel/ppgtt.rs	pending	dcf16f69b46a176219c55649e405a452ed0a4bf0:src/intel/ppgtt.rs	snapshot baseline before first cleanup edit
src/intel/render/constants.rs	kernel	67	dead code=67	tools/warnings_last/src/intel/render/constants.rs	pending	dcf16f69b46a176219c55649e405a452ed0a4bf0:src/intel/render/constants.rs	snapshot baseline before first cleanup edit
src/intel/render/lrc.rs	kernel	13	dead code=13	tools/warnings_last/src/intel/render/lrc.rs	pending	dcf16f69b46a176219c55649e405a452ed0a4bf0:src/intel/render/lrc.rs	snapshot baseline before first cleanup edit
src/intel/render/pipeline.rs	kernel	4	dead code=4	tools/warnings_last/src/intel/render/pipeline.rs	pending	dcf16f69b46a176219c55649e405a452ed0a4bf0:src/intel/render/pipeline.rs	snapshot baseline before first cleanup edit
src/intel/render/primary.rs	kernel	73	dead code=73	tools/warnings_last/src/intel/render/primary.rs	pending	dcf16f69b46a176219c55649e405a452ed0a4bf0:src/intel/render/primary.rs	snapshot baseline before first cleanup edit
src/intel/render/resources.rs	kernel	12	dead code=12	tools/warnings_last/src/intel/render/resources.rs	pending	dcf16f69b46a176219c55649e405a452ed0a4bf0:src/intel/render/resources.rs	snapshot baseline before first cleanup edit
src/intel/render/state.rs	kernel	25	dead code=25	tools/warnings_last/src/intel/render/state.rs	pending	dcf16f69b46a176219c55649e405a452ed0a4bf0:src/intel/render/state.rs	snapshot baseline before first cleanup edit
src/intel/render/submit.rs	kernel	6	dead code=6	tools/warnings_last/src/intel/render/submit.rs	pending	dcf16f69b46a176219c55649e405a452ed0a4bf0:src/intel/render/submit.rs	snapshot baseline before first cleanup edit
src/intel/render/warmup.rs	kernel	3	dead code=3	tools/warnings_last/src/intel/render/warmup.rs	pending	dcf16f69b46a176219c55649e405a452ed0a4bf0:src/intel/render/warmup.rs	snapshot baseline before first cleanup edit
src/intel/shader.rs	kernel	4	dead code=4	tools/warnings_last/src/intel/shader.rs	pending	dcf16f69b46a176219c55649e405a452ed0a4bf0:src/intel/shader.rs	snapshot baseline before first cleanup edit
src/intel/sound/hda.rs	kernel	74	dead code=74	tools/warnings_last/src/intel/sound/hda.rs	pending	dcf16f69b46a176219c55649e405a452ed0a4bf0:src/intel/sound/hda.rs	snapshot baseline before first cleanup edit
src/intel/sound/intel_hda_audio_demo.rs	kernel	12	dead code=12	tools/warnings_last/src/intel/sound/intel_hda_audio_demo.rs	pending	dcf16f69b46a176219c55649e405a452ed0a4bf0:src/intel/sound/intel_hda_audio_demo.rs	snapshot baseline before first cleanup edit
src/intel/stats.rs	kernel	3	dead code=3	tools/warnings_last/src/intel/stats.rs	pending	dcf16f69b46a176219c55649e405a452ed0a4bf0:src/intel/stats.rs	snapshot baseline before first cleanup edit
src/intel/types.rs	kernel	1	dead code=1	tools/warnings_last/src/intel/types.rs	pending	dcf16f69b46a176219c55649e405a452ed0a4bf0:src/intel/types.rs	snapshot baseline before first cleanup edit
src/intel/uc_fw.rs	kernel	2	dead code=2	tools/warnings_last/src/intel/uc_fw.rs	pending	dcf16f69b46a176219c55649e405a452ed0a4bf0:src/intel/uc_fw.rs	snapshot baseline before first cleanup edit
src/iso9660.rs	kernel	1	dead code=1	tools/warnings_last/src/iso9660.rs	pending	dcf16f69b46a176219c55649e405a452ed0a4bf0:src/iso9660.rs	snapshot baseline before first cleanup edit
src/limine.rs	kernel	1	dead code=1	tools/warnings_last/src/limine.rs	pending	dcf16f69b46a176219c55649e405a452ed0a4bf0:src/limine.rs	snapshot baseline before first cleanup edit
src/log_os.rs	kernel	2	dead code=1; unreachable patterns=1	tools/warnings_last/src/log_os.rs	pending	dcf16f69b46a176219c55649e405a452ed0a4bf0:src/log_os.rs	snapshot baseline before first cleanup edit
src/lumen/decode.rs	kernel	2	dead code=2	tools/warnings_last/src/lumen/decode.rs	pending	dcf16f69b46a176219c55649e405a452ed0a4bf0:src/lumen/decode.rs	snapshot baseline before first cleanup edit
src/net/adapter.rs	kernel	13	dead code=13	tools/warnings_last/src/net/adapter.rs	pending	dcf16f69b46a176219c55649e405a452ed0a4bf0:src/net/adapter.rs	snapshot baseline before first cleanup edit
src/net/cache_service.rs	kernel	15	dead code=15	tools/warnings_last/src/net/cache_service.rs	pending	dcf16f69b46a176219c55649e405a452ed0a4bf0:src/net/cache_service.rs	snapshot baseline before first cleanup edit
src/net/r8139.rs	kernel	3	dead code=3	tools/warnings_last/src/net/r8139.rs	pending	dcf16f69b46a176219c55649e405a452ed0a4bf0:src/net/r8139.rs	snapshot baseline before first cleanup edit
src/net/wifi.rs	kernel	28	dead code=28	tools/warnings_last/src/net/wifi.rs	pending	dcf16f69b46a176219c55649e405a452ed0a4bf0:src/net/wifi.rs	snapshot baseline before first cleanup edit
src/pci/pci.rs	kernel	18	dead code=18	tools/warnings_last/src/pci/pci.rs	pending	dcf16f69b46a176219c55649e405a452ed0a4bf0:src/pci/pci.rs	snapshot baseline before first cleanup edit
src/power/hwp.rs	kernel	3	dead code=3	tools/warnings_last/src/power/hwp.rs	pending	dcf16f69b46a176219c55649e405a452ed0a4bf0:src/power/hwp.rs	snapshot baseline before first cleanup edit
src/power/mod.rs	kernel	9	dead code=9	tools/warnings_last/src/power/mod.rs	pending	dcf16f69b46a176219c55649e405a452ed0a4bf0:src/power/mod.rs	snapshot baseline before first cleanup edit
src/power/rapl.rs	kernel	5	dead code=5	tools/warnings_last/src/power/rapl.rs	pending	dcf16f69b46a176219c55649e405a452ed0a4bf0:src/power/rapl.rs	snapshot baseline before first cleanup edit
src/power/thermal.rs	kernel	6	dead code=6	tools/warnings_last/src/power/thermal.rs	pending	dcf16f69b46a176219c55649e405a452ed0a4bf0:src/power/thermal.rs	snapshot baseline before first cleanup edit
src/power/turbo.rs	kernel	9	dead code=9	tools/warnings_last/src/power/turbo.rs	pending	dcf16f69b46a176219c55649e405a452ed0a4bf0:src/power/turbo.rs	snapshot baseline before first cleanup edit
src/r/blocking.rs	kernel	3	dead code=3	tools/warnings_last/src/r/blocking.rs	pending	dcf16f69b46a176219c55649e405a452ed0a4bf0:src/r/blocking.rs	snapshot baseline before first cleanup edit
src/r/cabi_codes.rs	kernel	13	dead code=13	tools/warnings_last/src/r/cabi_codes.rs	pending	dcf16f69b46a176219c55649e405a452ed0a4bf0:src/r/cabi_codes.rs	snapshot baseline before first cleanup edit
src/r/codec.rs	kernel	8	dead code=8	tools/warnings_last/src/r/codec.rs	pending	dcf16f69b46a176219c55649e405a452ed0a4bf0:src/r/codec.rs	snapshot baseline before first cleanup edit
src/r/cursor.rs	kernel	7	dead code=7	tools/warnings_last/src/r/cursor.rs	pending	dcf16f69b46a176219c55649e405a452ed0a4bf0:src/r/cursor.rs	snapshot baseline before first cleanup edit
src/r/disc/detect.rs	kernel	1	dead code=1	tools/warnings_last/src/r/disc/detect.rs	pending	dcf16f69b46a176219c55649e405a452ed0a4bf0:src/r/disc/detect.rs	snapshot baseline before first cleanup edit
src/r/disc/partition.rs	kernel	3	dead code=3	tools/warnings_last/src/r/disc/partition.rs	pending	dcf16f69b46a176219c55649e405a452ed0a4bf0:src/r/disc/partition.rs	snapshot baseline before first cleanup edit
src/r/font_kernel_service.rs	kernel	3	dead code=3	tools/warnings_last/src/r/font_kernel_service.rs	pending	dcf16f69b46a176219c55649e405a452ed0a4bf0:src/r/font_kernel_service.rs	snapshot baseline before first cleanup edit
src/r/font_plan_service.rs	kernel	5	dead code=5	tools/warnings_last/src/r/font_plan_service.rs	pending	dcf16f69b46a176219c55649e405a452ed0a4bf0:src/r/font_plan_service.rs	snapshot baseline before first cleanup edit
src/r/fs/trueosfs.rs	kernel	5	dead code=5	tools/warnings_last/src/r/fs/trueosfs.rs	pending	dcf16f69b46a176219c55649e405a452ed0a4bf0:src/r/fs/trueosfs.rs	snapshot baseline before first cleanup edit
src/r/gridpaper_service.rs	kernel	5	dead code=5	tools/warnings_last/src/r/gridpaper_service.rs	pending	dcf16f69b46a176219c55649e405a452ed0a4bf0:src/r/gridpaper_service.rs	snapshot baseline before first cleanup edit
src/r/helio_game.rs	kernel	2	dead code=2	tools/warnings_last/src/r/helio_game.rs	pending	dcf16f69b46a176219c55649e405a452ed0a4bf0:src/r/helio_game.rs	snapshot baseline before first cleanup edit
src/r/io/fs_cabi.rs	kernel	1	dead code=1	tools/warnings_last/src/r/io/fs_cabi.rs	pending	dcf16f69b46a176219c55649e405a452ed0a4bf0:src/r/io/fs_cabi.rs	snapshot baseline before first cleanup edit
src/r/keyboard.rs	kernel	17	dead code=17	tools/warnings_last/src/r/keyboard.rs	pending	dcf16f69b46a176219c55649e405a452ed0a4bf0:src/r/keyboard.rs	snapshot baseline before first cleanup edit
src/r/lfm25_decode.rs	kernel	7	dead code=7	tools/warnings_last/src/r/lfm25_decode.rs	pending	dcf16f69b46a176219c55649e405a452ed0a4bf0:src/r/lfm25_decode.rs	snapshot baseline before first cleanup edit
src/r/lfm25_hybrid_cpu_backend.rs	kernel	9	dead code=9	tools/warnings_last/src/r/lfm25_hybrid_cpu_backend.rs	pending	dcf16f69b46a176219c55649e405a452ed0a4bf0:src/r/lfm25_hybrid_cpu_backend.rs	snapshot baseline before first cleanup edit
src/r/lfm25_model.rs	kernel	5	dead code=5	tools/warnings_last/src/r/lfm25_model.rs	pending	dcf16f69b46a176219c55649e405a452ed0a4bf0:src/r/lfm25_model.rs	snapshot baseline before first cleanup edit
src/r/lfm25_tokenizer.rs	kernel	7	dead code=7	tools/warnings_last/src/r/lfm25_tokenizer.rs	pending	dcf16f69b46a176219c55649e405a452ed0a4bf0:src/r/lfm25_tokenizer.rs	snapshot baseline before first cleanup edit
src/r/mouse_motion_service.rs	kernel	1	dead code=1	tools/warnings_last/src/r/mouse_motion_service.rs	pending	dcf16f69b46a176219c55649e405a452ed0a4bf0:src/r/mouse_motion_service.rs	snapshot baseline before first cleanup edit
src/r/net/cli/ftp.rs	kernel	11	dead code=11	tools/warnings_last/src/r/net/cli/ftp.rs	pending	dcf16f69b46a176219c55649e405a452ed0a4bf0:src/r/net/cli/ftp.rs	snapshot baseline before first cleanup edit
src/r/net/cli/irc.rs	kernel	4	dead code=4	tools/warnings_last/src/r/net/cli/irc.rs	pending	dcf16f69b46a176219c55649e405a452ed0a4bf0:src/r/net/cli/irc.rs	snapshot baseline before first cleanup edit
src/r/net/cli/ntp.rs	kernel	2	dead code=2	tools/warnings_last/src/r/net/cli/ntp.rs	pending	dcf16f69b46a176219c55649e405a452ed0a4bf0:src/r/net/cli/ntp.rs	snapshot baseline before first cleanup edit
src/r/net/cli/pop3.rs	kernel	9	dead code=9	tools/warnings_last/src/r/net/cli/pop3.rs	pending	dcf16f69b46a176219c55649e405a452ed0a4bf0:src/r/net/cli/pop3.rs	snapshot baseline before first cleanup edit
src/r/net/cli/smtp.rs	kernel	1	dead code=1	tools/warnings_last/src/r/net/cli/smtp.rs	pending	dcf16f69b46a176219c55649e405a452ed0a4bf0:src/r/net/cli/smtp.rs	snapshot baseline before first cleanup edit
src/r/net/cli/ws.rs	kernel	6	dead code=6	tools/warnings_last/src/r/net/cli/ws.rs	pending	dcf16f69b46a176219c55649e405a452ed0a4bf0:src/r/net/cli/ws.rs	snapshot baseline before first cleanup edit
src/r/net/dns.rs	kernel	1	dead code=1	tools/warnings_last/src/r/net/dns.rs	pending	dcf16f69b46a176219c55649e405a452ed0a4bf0:src/r/net/dns.rs	snapshot baseline before first cleanup edit
src/r/net/https.rs	kernel	4	dead code=4	tools/warnings_last/src/r/net/https.rs	pending	dcf16f69b46a176219c55649e405a452ed0a4bf0:src/r/net/https.rs	snapshot baseline before first cleanup edit
src/r/net/mail_config.rs	kernel	2	dead code=2	tools/warnings_last/src/r/net/mail_config.rs	pending	dcf16f69b46a176219c55649e405a452ed0a4bf0:src/r/net/mail_config.rs	snapshot baseline before first cleanup edit
src/r/net/midi_udp.rs	kernel	1	dead code=1	tools/warnings_last/src/r/net/midi_udp.rs	pending	dcf16f69b46a176219c55649e405a452ed0a4bf0:src/r/net/midi_udp.rs	snapshot baseline before first cleanup edit
src/r/net/mod.rs	kernel	1	dead code=1	tools/warnings_last/src/r/net/mod.rs	pending	dcf16f69b46a176219c55649e405a452ed0a4bf0:src/r/net/mod.rs	snapshot baseline before first cleanup edit
src/r/net/ports.rs	kernel	1	unused imports=1	tools/warnings_last/src/r/net/ports.rs	pending	dcf16f69b46a176219c55649e405a452ed0a4bf0:src/r/net/ports.rs	snapshot baseline before first cleanup edit
src/r/net/socket_cabi.rs	kernel	4	dead code=4	tools/warnings_last/src/r/net/socket_cabi.rs	pending	dcf16f69b46a176219c55649e405a452ed0a4bf0:src/r/net/socket_cabi.rs	snapshot baseline before first cleanup edit
src/r/net/srv/spop3.rs	kernel	7	dead code=7	tools/warnings_last/src/r/net/srv/spop3.rs	pending	dcf16f69b46a176219c55649e405a452ed0a4bf0:src/r/net/srv/spop3.rs	snapshot baseline before first cleanup edit
src/r/net/srv/ssmtp.rs	kernel	9	dead code=9	tools/warnings_last/src/r/net/srv/ssmtp.rs	pending	dcf16f69b46a176219c55649e405a452ed0a4bf0:src/r/net/srv/ssmtp.rs	snapshot baseline before first cleanup edit
src/r/net/srv/wss.rs	kernel	7	dead code=7	tools/warnings_last/src/r/net/srv/wss.rs	pending	dcf16f69b46a176219c55649e405a452ed0a4bf0:src/r/net/srv/wss.rs	snapshot baseline before first cleanup edit
src/r/net/udp.rs	kernel	1	dead code=1	tools/warnings_last/src/r/net/udp.rs	pending	dcf16f69b46a176219c55649e405a452ed0a4bf0:src/r/net/udp.rs	snapshot baseline before first cleanup edit
src/r/print2d.rs	kernel	1	dead code=1	tools/warnings_last/src/r/print2d.rs	pending	dcf16f69b46a176219c55649e405a452ed0a4bf0:src/r/print2d.rs	snapshot baseline before first cleanup edit
src/r/rdp.rs	kernel	19	dead code=19	tools/warnings_last/src/r/rdp.rs	pending	dcf16f69b46a176219c55649e405a452ed0a4bf0:src/r/rdp.rs	snapshot baseline before first cleanup edit
src/r/resource_monitor.rs	kernel	14	dead code=14	tools/warnings_last/src/r/resource_monitor.rs	pending	dcf16f69b46a176219c55649e405a452ed0a4bf0:src/r/resource_monitor.rs	snapshot baseline before first cleanup edit
src/r/spawn_service.rs	kernel	18	dead code=18	tools/warnings_last/src/r/spawn_service.rs	pending	dcf16f69b46a176219c55649e405a452ed0a4bf0:src/r/spawn_service.rs	snapshot baseline before first cleanup edit
src/r/spawn_spec.rs	kernel	1	dead code=1	tools/warnings_last/src/r/spawn_spec.rs	pending	dcf16f69b46a176219c55649e405a452ed0a4bf0:src/r/spawn_spec.rs	snapshot baseline before first cleanup edit
src/r/static_map.rs	kernel	1	dead code=1	tools/warnings_last/src/r/static_map.rs	pending	dcf16f69b46a176219c55649e405a452ed0a4bf0:src/r/static_map.rs	snapshot baseline before first cleanup edit
src/r/static_slots.rs	kernel	1	dead code=1	tools/warnings_last/src/r/static_slots.rs	pending	dcf16f69b46a176219c55649e405a452ed0a4bf0:src/r/static_slots.rs	snapshot baseline before first cleanup edit
src/r/stream.rs	kernel	34	dead code=34	tools/warnings_last/src/r/stream.rs	pending	dcf16f69b46a176219c55649e405a452ed0a4bf0:src/r/stream.rs	snapshot baseline before first cleanup edit
src/r/ttstt_service.rs	kernel	10	dead code=10	tools/warnings_last/src/r/ttstt_service.rs	pending	dcf16f69b46a176219c55649e405a452ed0a4bf0:src/r/ttstt_service.rs	snapshot baseline before first cleanup edit
src/r/ui_cursor.rs	kernel	3	dead code=3	tools/warnings_last/src/r/ui_cursor.rs	pending	dcf16f69b46a176219c55649e405a452ed0a4bf0:src/r/ui_cursor.rs	snapshot baseline before first cleanup edit
src/r/ui_surface.rs	kernel	10	dead code=10	tools/warnings_last/src/r/ui_surface.rs	pending	dcf16f69b46a176219c55649e405a452ed0a4bf0:src/r/ui_surface.rs	snapshot baseline before first cleanup edit
src/ram_probe.rs	kernel	2	dead code=2	tools/warnings_last/src/ram_probe.rs	pending	dcf16f69b46a176219c55649e405a452ed0a4bf0:src/ram_probe.rs	snapshot baseline before first cleanup edit
src/shell2/backends/container.rs	kernel	3	dead code=3	tools/warnings_last/src/shell2/backends/container.rs	pending	dcf16f69b46a176219c55649e405a452ed0a4bf0:src/shell2/backends/container.rs	snapshot baseline before first cleanup edit
src/shell2/backends/net_tcp.rs	kernel	10	dead code=10	tools/warnings_last/src/shell2/backends/net_tcp.rs	pending	dcf16f69b46a176219c55649e405a452ed0a4bf0:src/shell2/backends/net_tcp.rs	snapshot baseline before first cleanup edit
src/shell2/backends/session_pool.rs	kernel	1	dead code=1	tools/warnings_last/src/shell2/backends/session_pool.rs	pending	dcf16f69b46a176219c55649e405a452ed0a4bf0:src/shell2/backends/session_pool.rs	snapshot baseline before first cleanup edit
src/shell2/cmds/mod.rs	kernel	1	dead code=1	tools/warnings_last/src/shell2/cmds/mod.rs	pending	dcf16f69b46a176219c55649e405a452ed0a4bf0:src/shell2/cmds/mod.rs	snapshot baseline before first cleanup edit
src/shell2/cmds/run.rs	kernel	3	dead code=3	tools/warnings_last/src/shell2/cmds/run.rs	pending	dcf16f69b46a176219c55649e405a452ed0a4bf0:src/shell2/cmds/run.rs	snapshot baseline before first cleanup edit
src/shell2/interface.rs	kernel	2	dead code=2	tools/warnings_last/src/shell2/interface.rs	pending	dcf16f69b46a176219c55649e405a452ed0a4bf0:src/shell2/interface.rs	snapshot baseline before first cleanup edit
src/shell2/matrix.rs	kernel	7	dead code=7	tools/warnings_last/src/shell2/matrix.rs	pending	dcf16f69b46a176219c55649e405a452ed0a4bf0:src/shell2/matrix.rs	snapshot baseline before first cleanup edit
src/shell2/mod.rs	kernel	18	dead code=16; unused variables=2	tools/warnings_last/src/shell2/mod.rs	pending	dcf16f69b46a176219c55649e405a452ed0a4bf0:src/shell2/mod.rs	snapshot baseline before first cleanup edit
src/shell2/shell2_cmd_registry.rs	kernel	2	dead code=2	tools/warnings_last/src/shell2/shell2_cmd_registry.rs	pending	dcf16f69b46a176219c55649e405a452ed0a4bf0:src/shell2/shell2_cmd_registry.rs	snapshot baseline before first cleanup edit
src/shell2/shell2_dl.rs	kernel	1	dead code=1	tools/warnings_last/src/shell2/shell2_dl.rs	pending	dcf16f69b46a176219c55649e405a452ed0a4bf0:src/shell2/shell2_dl.rs	snapshot baseline before first cleanup edit
src/shell2/term_style.rs	kernel	1	dead code=1	tools/warnings_last/src/shell2/term_style.rs	pending	dcf16f69b46a176219c55649e405a452ed0a4bf0:src/shell2/term_style.rs	snapshot baseline before first cleanup edit
src/spirit/lilly.rs	kernel	4	dead code=4	tools/warnings_last/src/spirit/lilly.rs	pending	dcf16f69b46a176219c55649e405a452ed0a4bf0:src/spirit/lilly.rs	snapshot baseline before first cleanup edit
src/spirit/response_window.rs	kernel	6	dead code=6	tools/warnings_last/src/spirit/response_window.rs	pending	dcf16f69b46a176219c55649e405a452ed0a4bf0:src/spirit/response_window.rs	snapshot baseline before first cleanup edit
src/std_abi_shim.rs	kernel	3	dead code=3	tools/warnings_last/src/std_abi_shim.rs	pending	dcf16f69b46a176219c55649e405a452ed0a4bf0:src/std_abi_shim.rs	snapshot baseline before first cleanup edit
src/surfer/html_shack.rs	kernel	7	dead code=7	tools/warnings_last/src/surfer/html_shack.rs	pending	dcf16f69b46a176219c55649e405a452ed0a4bf0:src/surfer/html_shack.rs	snapshot baseline before first cleanup edit
src/turbo/avx2_fma_sse2_help.rs	kernel	16	dead code=16	tools/warnings_last/src/turbo/avx2_fma_sse2_help.rs	pending	dcf16f69b46a176219c55649e405a452ed0a4bf0:src/turbo/avx2_fma_sse2_help.rs	snapshot baseline before first cleanup edit
src/tyche.rs	kernel	1	dead code=1	tools/warnings_last/src/tyche.rs	pending	dcf16f69b46a176219c55649e405a452ed0a4bf0:src/tyche.rs	snapshot baseline before first cleanup edit
src/ui4/blueprint_text.rs	kernel	1	dead code=1	tools/warnings_last/src/ui4/blueprint_text.rs	pending	dcf16f69b46a176219c55649e405a452ed0a4bf0:src/ui4/blueprint_text.rs	snapshot baseline before first cleanup edit
src/ui4/compositor_service.rs	kernel	1	dead code=1	tools/warnings_last/src/ui4/compositor_service.rs	pending	dcf16f69b46a176219c55649e405a452ed0a4bf0:src/ui4/compositor_service.rs	snapshot baseline before first cleanup edit
src/ui4/context_menu.rs	kernel	1	dead code=1	tools/warnings_last/src/ui4/context_menu.rs	pending	dcf16f69b46a176219c55649e405a452ed0a4bf0:src/ui4/context_menu.rs	snapshot baseline before first cleanup edit
src/ui4/cursor_frame_inout.rs	kernel	2	dead code=2	tools/warnings_last/src/ui4/cursor_frame_inout.rs	pending	dcf16f69b46a176219c55649e405a452ed0a4bf0:src/ui4/cursor_frame_inout.rs	snapshot baseline before first cleanup edit
src/ui4/gpgpu_preview_consumer.rs	kernel	2	dead code=2	tools/warnings_last/src/ui4/gpgpu_preview_consumer.rs	pending	dcf16f69b46a176219c55649e405a452ed0a4bf0:src/ui4/gpgpu_preview_consumer.rs	snapshot baseline before first cleanup edit
src/ui4/mod.rs	kernel	11	dead code=6; unused imports=5	tools/warnings_last/src/ui4/mod.rs	pending	dcf16f69b46a176219c55649e405a452ed0a4bf0:src/ui4/mod.rs	snapshot baseline before first cleanup edit
src/ui4/screenshot.rs	kernel	8	dead code=8	tools/warnings_last/src/ui4/screenshot.rs	pending	dcf16f69b46a176219c55649e405a452ed0a4bf0:src/ui4/screenshot.rs	snapshot baseline before first cleanup edit
src/ui4/window_broker.rs	kernel	8	dead code=8	tools/warnings_last/src/ui4/window_broker.rs	pending	dcf16f69b46a176219c55649e405a452ed0a4bf0:src/ui4/window_broker.rs	snapshot baseline before first cleanup edit
src/ui4/winit_input.rs	kernel	2	dead code=2	tools/warnings_last/src/ui4/winit_input.rs	pending	dcf16f69b46a176219c55649e405a452ed0a4bf0:src/ui4/winit_input.rs	snapshot baseline before first cleanup edit
src/usb3/api.rs	kernel	1	dead code=1	tools/warnings_last/src/usb3/api.rs	pending	dcf16f69b46a176219c55649e405a452ed0a4bf0:src/usb3/api.rs	snapshot baseline before first cleanup edit
src/usb3/class.rs	kernel	1	dead code=1	tools/warnings_last/src/usb3/class.rs	pending	dcf16f69b46a176219c55649e405a452ed0a4bf0:src/usb3/class.rs	snapshot baseline before first cleanup edit
src/usb3/descriptor.rs	kernel	4	dead code=4	tools/warnings_last/src/usb3/descriptor.rs	pending	dcf16f69b46a176219c55649e405a452ed0a4bf0:src/usb3/descriptor.rs	snapshot baseline before first cleanup edit
src/usb3/dev_gears.rs	kernel	18	dead code=18	tools/warnings_last/src/usb3/dev_gears.rs	pending	dcf16f69b46a176219c55649e405a452ed0a4bf0:src/usb3/dev_gears.rs	snapshot baseline before first cleanup edit
src/usb3/hid/input.rs	kernel	4	dead code=4	tools/warnings_last/src/usb3/hid/input.rs	pending	dcf16f69b46a176219c55649e405a452ed0a4bf0:src/usb3/hid/input.rs	snapshot baseline before first cleanup edit
src/usb3/hid/leds.rs	kernel	26	dead code=26	tools/warnings_last/src/usb3/hid/leds.rs	pending	dcf16f69b46a176219c55649e405a452ed0a4bf0:src/usb3/hid/leds.rs	snapshot baseline before first cleanup edit
src/usb3/hid/mediacontrol.rs	kernel	12	dead code=12	tools/warnings_last/src/usb3/hid/mediacontrol.rs	pending	dcf16f69b46a176219c55649e405a452ed0a4bf0:src/usb3/hid/mediacontrol.rs	snapshot baseline before first cleanup edit
src/usb3/hid/midi.rs	kernel	3	dead code=3	tools/warnings_last/src/usb3/hid/midi.rs	pending	dcf16f69b46a176219c55649e405a452ed0a4bf0:src/usb3/hid/midi.rs	snapshot baseline before first cleanup edit
src/usb3/hid/mod.rs	kernel	1	dead code=1	tools/warnings_last/src/usb3/hid/mod.rs	pending	dcf16f69b46a176219c55649e405a452ed0a4bf0:src/usb3/hid/mod.rs	snapshot baseline before first cleanup edit
crates/trueos-executor/src/lib.rs	workspace	1	unused macros=1	tools/warnings_last/crates/trueos-executor/src/lib.rs	pending	dcf16f69b46a176219c55649e405a452ed0a4bf0:crates/trueos-executor/src/lib.rs	snapshot baseline before first cleanup edit
crates/trueos-executor/src/raw/mod.rs	workspace	1	deprecated API=1	tools/warnings_last/crates/trueos-executor/src/raw/mod.rs	pending	dcf16f69b46a176219c55649e405a452ed0a4bf0:crates/trueos-executor/src/raw/mod.rs	snapshot baseline before first cleanup edit
crates/trueos-graphics/decoder/png_decode_pool.rs	workspace	3	dead code=3	tools/warnings_last/crates/trueos-graphics/decoder/png_decode_pool.rs	pending	dcf16f69b46a176219c55649e405a452ed0a4bf0:crates/trueos-graphics/decoder/png_decode_pool.rs	snapshot baseline before first cleanup edit
crates/trueos-graphics/encoder/png.rs	workspace	3	dead code=3	tools/warnings_last/crates/trueos-graphics/encoder/png.rs	pending	dcf16f69b46a176219c55649e405a452ed0a4bf0:crates/trueos-graphics/encoder/png.rs	snapshot baseline before first cleanup edit
crates/trueos-graphics/font.rs	workspace	13	dead code=13	tools/warnings_last/crates/trueos-graphics/font.rs	pending	dcf16f69b46a176219c55649e405a452ed0a4bf0:crates/trueos-graphics/font.rs	snapshot baseline before first cleanup edit
crates/trueos-graphics/image.rs	workspace	9	dead code=6; unused imports=3	tools/warnings_last/crates/trueos-graphics/image.rs	pending	dcf16f69b46a176219c55649e405a452ed0a4bf0:crates/trueos-graphics/image.rs	snapshot baseline before first cleanup edit
crates/trueos-graphics/path_mesh.rs	workspace	1	dead code=1	tools/warnings_last/crates/trueos-graphics/path_mesh.rs	pending	dcf16f69b46a176219c55649e405a452ed0a4bf0:crates/trueos-graphics/path_mesh.rs	snapshot baseline before first cleanup edit
crates/trueos-graphics/primitives.rs	workspace	24	dead code=24	tools/warnings_last/crates/trueos-graphics/primitives.rs	pending	dcf16f69b46a176219c55649e405a452ed0a4bf0:crates/trueos-graphics/primitives.rs	snapshot baseline before first cleanup edit
crates/trueos-shader/generated_triangle.rs	workspace	7	dead code=7	tools/warnings_last/crates/trueos-shader/generated_triangle.rs	pending	dcf16f69b46a176219c55649e405a452ed0a4bf0:crates/trueos-shader/generated_triangle.rs	snapshot baseline before first cleanup edit
crates/trueos-ttstt-cpu/src/lib.rs	workspace	1	dead code=1	tools/warnings_last/crates/trueos-ttstt-cpu/src/lib.rs	pending	dcf16f69b46a176219c55649e405a452ed0a4bf0:crates/trueos-ttstt-cpu/src/lib.rs	snapshot baseline before first cleanup edit
crates/trueos-vm/src/guest.rs	workspace	2	dead code=2	tools/warnings_last/crates/trueos-vm/src/guest.rs	pending	dcf16f69b46a176219c55649e405a452ed0a4bf0:crates/trueos-vm/src/guest.rs	snapshot baseline before first cleanup edit
vendor/CrabUSB/usb-host/src/backend/kmod/queue.rs	vendor	1	deprecated API=1	tools/warnings_last/vendor/CrabUSB/usb-host/src/backend/kmod/queue.rs	pending	dcf16f69b46a176219c55649e405a452ed0a4bf0:vendor/CrabUSB/usb-host/src/backend/kmod/queue.rs	review upstream ownership before changing or archiving vendored code
vendor/alsa-0.11.0/src/error.rs	vendor	5	dead code=4; unused macros=1	tools/warnings_last/vendor/alsa-0.11.0/src/error.rs	pending	dcf16f69b46a176219c55649e405a452ed0a4bf0:vendor/alsa-0.11.0/src/error.rs	review upstream ownership before changing or archiving vendored code
vendor/crossbeam-epoch-0.9.18/src/atomic.rs	vendor	3	unexpected cfg=3	tools/warnings_last/vendor/crossbeam-epoch-0.9.18/src/atomic.rs	pending	dcf16f69b46a176219c55649e405a452ed0a4bf0:vendor/crossbeam-epoch-0.9.18/src/atomic.rs	review upstream ownership before changing or archiving vendored code
vendor/crossbeam-epoch-0.9.18/src/collector.rs	vendor	1	unexpected cfg=1	tools/warnings_last/vendor/crossbeam-epoch-0.9.18/src/collector.rs	pending	dcf16f69b46a176219c55649e405a452ed0a4bf0:vendor/crossbeam-epoch-0.9.18/src/collector.rs	review upstream ownership before changing or archiving vendored code
vendor/crossbeam-epoch-0.9.18/src/deferred.rs	vendor	1	unexpected cfg=1	tools/warnings_last/vendor/crossbeam-epoch-0.9.18/src/deferred.rs	pending	dcf16f69b46a176219c55649e405a452ed0a4bf0:vendor/crossbeam-epoch-0.9.18/src/deferred.rs	review upstream ownership before changing or archiving vendored code
vendor/crossbeam-epoch-0.9.18/src/internal.rs	vendor	5	unexpected cfg=5	tools/warnings_last/vendor/crossbeam-epoch-0.9.18/src/internal.rs	pending	dcf16f69b46a176219c55649e405a452ed0a4bf0:vendor/crossbeam-epoch-0.9.18/src/internal.rs	review upstream ownership before changing or archiving vendored code
vendor/crossbeam-epoch-0.9.18/src/lib.rs	vendor	3	unexpected cfg=3	tools/warnings_last/vendor/crossbeam-epoch-0.9.18/src/lib.rs	pending	dcf16f69b46a176219c55649e405a452ed0a4bf0:vendor/crossbeam-epoch-0.9.18/src/lib.rs	review upstream ownership before changing or archiving vendored code
vendor/crossbeam-epoch-0.9.18/src/sync/list.rs	vendor	1	unexpected cfg=1	tools/warnings_last/vendor/crossbeam-epoch-0.9.18/src/sync/list.rs	pending	dcf16f69b46a176219c55649e405a452ed0a4bf0:vendor/crossbeam-epoch-0.9.18/src/sync/list.rs	review upstream ownership before changing or archiving vendored code
vendor/crossbeam-epoch-0.9.18/src/sync/queue.rs	vendor	1	unexpected cfg=1	tools/warnings_last/vendor/crossbeam-epoch-0.9.18/src/sync/queue.rs	pending	dcf16f69b46a176219c55649e405a452ed0a4bf0:vendor/crossbeam-epoch-0.9.18/src/sync/queue.rs	review upstream ownership before changing or archiving vendored code
vendor/ring-0.17.14/src/arithmetic.rs	vendor	4	dead code=4	tools/warnings_last/vendor/ring-0.17.14/src/arithmetic.rs	pending	dcf16f69b46a176219c55649e405a452ed0a4bf0:vendor/ring-0.17.14/src/arithmetic.rs	review upstream ownership before changing or archiving vendored code
vendor/ring-0.17.14/src/arithmetic/ffi.rs	vendor	1	dead code=1	tools/warnings_last/vendor/ring-0.17.14/src/arithmetic/ffi.rs	pending	dcf16f69b46a176219c55649e405a452ed0a4bf0:vendor/ring-0.17.14/src/arithmetic/ffi.rs	review upstream ownership before changing or archiving vendored code
vendor/ring-0.17.14/src/arithmetic/inout.rs	vendor	1	dead code=1	tools/warnings_last/vendor/ring-0.17.14/src/arithmetic/inout.rs	pending	dcf16f69b46a176219c55649e405a452ed0a4bf0:vendor/ring-0.17.14/src/arithmetic/inout.rs	review upstream ownership before changing or archiving vendored code
vendor/ring-0.17.14/src/arithmetic/limbs/x86_64/mont.rs	vendor	19	dead code=19	tools/warnings_last/vendor/ring-0.17.14/src/arithmetic/limbs/x86_64/mont.rs	pending	dcf16f69b46a176219c55649e405a452ed0a4bf0:vendor/ring-0.17.14/src/arithmetic/limbs/x86_64/mont.rs	review upstream ownership before changing or archiving vendored code
vendor/ring-0.17.14/src/arithmetic/limbs512/mod.rs	vendor	1	unused imports=1	tools/warnings_last/vendor/ring-0.17.14/src/arithmetic/limbs512/mod.rs	pending	dcf16f69b46a176219c55649e405a452ed0a4bf0:vendor/ring-0.17.14/src/arithmetic/limbs512/mod.rs	review upstream ownership before changing or archiving vendored code
vendor/ring-0.17.14/src/arithmetic/limbs512/storage.rs	vendor	4	dead code=3; lifetime syntax=1	tools/warnings_last/vendor/ring-0.17.14/src/arithmetic/limbs512/storage.rs	pending	dcf16f69b46a176219c55649e405a452ed0a4bf0:vendor/ring-0.17.14/src/arithmetic/limbs512/storage.rs	review upstream ownership before changing or archiving vendored code
vendor/ring-0.17.14/src/arithmetic/montgomery.rs	vendor	3	dead code=3	tools/warnings_last/vendor/ring-0.17.14/src/arithmetic/montgomery.rs	pending	dcf16f69b46a176219c55649e405a452ed0a4bf0:vendor/ring-0.17.14/src/arithmetic/montgomery.rs	review upstream ownership before changing or archiving vendored code
vendor/ring-0.17.14/src/arithmetic/n0.rs	vendor	2	dead code=2	tools/warnings_last/vendor/ring-0.17.14/src/arithmetic/n0.rs	pending	dcf16f69b46a176219c55649e405a452ed0a4bf0:vendor/ring-0.17.14/src/arithmetic/n0.rs	review upstream ownership before changing or archiving vendored code
vendor/ring-0.17.14/src/limb.rs	vendor	5	dead code=5	tools/warnings_last/vendor/ring-0.17.14/src/limb.rs	pending	dcf16f69b46a176219c55649e405a452ed0a4bf0:vendor/ring-0.17.14/src/limb.rs	review upstream ownership before changing or archiving vendored code
vendor/ring-0.17.14/src/pkcs8.rs	vendor	2	lifetime syntax=2	tools/warnings_last/vendor/ring-0.17.14/src/pkcs8.rs	pending	dcf16f69b46a176219c55649e405a452ed0a4bf0:vendor/ring-0.17.14/src/pkcs8.rs	review upstream ownership before changing or archiving vendored code
vendor/ring-0.17.14/src/polyfill/slice/as_chunks.rs	vendor	1	lifetime syntax=1	tools/warnings_last/vendor/ring-0.17.14/src/polyfill/slice/as_chunks.rs	pending	dcf16f69b46a176219c55649e405a452ed0a4bf0:vendor/ring-0.17.14/src/polyfill/slice/as_chunks.rs	review upstream ownership before changing or archiving vendored code
vendor/ring-0.17.14/src/polyfill/slice/as_chunks_mut.rs	vendor	6	dead code=1; lifetime syntax=5	tools/warnings_last/vendor/ring-0.17.14/src/polyfill/slice/as_chunks_mut.rs	pending	dcf16f69b46a176219c55649e405a452ed0a4bf0:vendor/ring-0.17.14/src/polyfill/slice/as_chunks_mut.rs	review upstream ownership before changing or archiving vendored code
vendor/smoltcp-0.13.1/src/iface/interface/ipv4.rs	vendor	2	unused variables=1; unused mut=1	tools/warnings_last/vendor/smoltcp-0.13.1/src/iface/interface/ipv4.rs	pending	dcf16f69b46a176219c55649e405a452ed0a4bf0:vendor/smoltcp-0.13.1/src/iface/interface/ipv4.rs	review upstream ownership before changing or archiving vendored code
vendor/smoltcp-0.13.1/src/iface/interface/mod.rs	vendor	5	unused imports=2; unused variables=1; unreachable patterns=2	tools/warnings_last/vendor/smoltcp-0.13.1/src/iface/interface/mod.rs	pending	dcf16f69b46a176219c55649e405a452ed0a4bf0:vendor/smoltcp-0.13.1/src/iface/interface/mod.rs	review upstream ownership before changing or archiving vendored code
vendor/zune-core-0.5.1/src/lib.rs	vendor	1	misplaced macro_use=1	tools/warnings_last/vendor/zune-core-0.5.1/src/lib.rs	pending	dcf16f69b46a176219c55649e405a452ed0a4bf0:vendor/zune-core-0.5.1/src/lib.rs	review upstream ownership before changing or archiving vendored code
vendor/zune-jpeg-0.5.15/src/lib.rs	vendor	1	misplaced macro_use=1	tools/warnings_last/vendor/zune-jpeg-0.5.15/src/lib.rs	pending	dcf16f69b46a176219c55649e405a452ed0a4bf0:vendor/zune-jpeg-0.5.15/src/lib.rs	review upstream ownership before changing or archiving vendored code
(no file)	build-script	13	CABI export mismatch=13	-	not-applicable	dcf16f69b46a176219c55649e405a452ed0a4bf0	span-less build.rs diagnostic; review bp_abi.rs and portal CABI v2 lock together
